{
    "classifier": {
        "threshold": 0.7588803933053785,
        "precision": 0.9074780301774167,
        "recall": 0.42432935338812217,
        "f1_score": 0.5782661524644725
    },
    "regressor": {
        "mae": 5253.626135878171,
        "r2": 0.36352426746508393
    }
}